<?xml version="1.0" encoding="UTF-8"?>
<beans xmlns="http://www.springframework.org/schema/beans"
	xmlns:xsi="http://www.w3.org/2001/XMLSchema-instance"
	xmlns:context="http://www.springframework.org/schema/context"
	xmlns:p="http://www.springframework.org/schema/p"
	xmlns:tx="http://www.springframework.org/schema/tx"
	xsi:schemaLocation="http://www.springframework.org/schema/beans
    http://www.springframework.org/schema/beans/spring-beans.xsd
    http://www.springframework.org/schema/context
    http://www.springframework.org/schema/context/spring-context.xsd
    http://www.springframework.org/schema/tx
    http://www.springframework.org/schema/tx/spring-tx.xsd
    ">

	<bean id="userService" class="com.flight.service.UserServiceImpl" />
	<bean id="userDao" class="com.flight.dao.UserDaoImpl" />

	<!-- This annotation enables the @Transactional Tag -->
	<tx:annotation-driven />

	<context:component-scan base-package="product"></context:component-scan>
	<bean id="jdbcTemplate"
		class="org.springframework.jdbc.core.JdbcTemplate">
		<property name="dataSource" ref="datasource" />
	</bean>

	<!-- LocalSessionFactoryBean with it's properties -->
	<bean
		class="org.springframework.orm.hibernate5.LocalSessionFactoryBean"
		name="localSessionFactoryBean">
		<!-- Data Source -->
		<property name="dataSource" ref="dataSource"></property>
		<!-- Hibernate Properties -->
		<property name="hibernateProperties">
			<props>
				<prop key="hibernate.dialect">org.hibernate.dialect.MySQL8Dialect</prop>
				<prop key="hibernate.show_sql">true</prop>
				<prop key="hibernate.hbm2ddl.auto">update</prop>
			</props>
		</property>
		<!-- Annotated Class -->
		<property name="annotatedClasses">
			<list>
				<value>com.flight.model.User</value>
				<value>com.flight.model.Flight</value>
			</list>
		</property>
	</bean>

	<!-- Hibernate Template -->
	<bean class="org.springframework.orm.hibernate5.HibernateTemplate"
		name="hibernateTemplate">
		<property name="SessionFactory" ref="localSessionFactoryBean"></property>
	</bean>

	<!-- DataSource -->
	<bean id="datasource"
		class="org.springframework.jdbc.datasource.DriverManagerDataSource"
		name="dataSource">
		<property name="driverClassName"
			value="com.mysql.cj.jdbc.Driver" />
		<property name="url"
			value="jdbc:mysql://localhost:3306/flight_management"></property>
		<property name="username" value="root"></property>
		<property name="password" value="password"></property>
	</bean>

	<bean
		class="org.springframework.orm.hibernate5.HibernateTransactionManager"
		name="transactionManager">
		<property name="sessionFactory" ref="localSessionFactoryBean"></property>
	</bean>


</beans>