{
  "name": "Node.js Alpine with Angular",
  "build": {
    "dockerfile": "Dockerfile"
  },

  // Set *default* container specific settings.json values on container create.
  "settings": {
    "terminal.integrated.shell.linux": "/bin/zsh"
  },

  // Add the IDs of extensions you want installed when the container is created.
  "extensions": [
    "dbaeumer.vscode-eslint",
    "esbenp.prettier-vscode",
    "edwardhjp.vscode-author-generator",
    "oderwat.indent-rainbow",
    "yzhang.markdown-all-in-one",
    "octref.vetur",
    "mutantdino.resourcemonitor",
    "eamodio.gitlens"
  ],

  // Use 'forwardPorts' to make a list of ports inside the container available locally.
  "forwardPorts": [4200],

  // Use 'postCreateCommand' to run commands after the container is created.
  "postCreateCommand": "cp .devcontainer/.zshrc $HOME && cp .devcontainer/.p10k.zsh $HOME"

  // Comment out connect as root instead. More info: https://aka.ms/vscode-remote/containers/non-root.
  // "remoteUser": "node"
}
